Category,Mean_R,Mean_G,Mean_B,Stddev_R,Stddev_G,Stddev_B
nv,200.6244376829776,136.8278050126248,141.94667635577855,22.11347561278285,30.072866695235813,33.64692506741154
mel,177.85207497224764,137.98573758872374,144.81797775759392,29.41926119385825,36.538255525114955,41.960809415118945
bkl,178.4091453152965,139.48354350130802,147.18246925512872,22.01398338865231,27.03024668017755,31.5510014306982
bcc,195.12374071163524,155.60760039292728,162.2378480826601,17.65533371217992,23.776257983653206,26.247624263938334
BCC,171.7974539078825,132.47706984216126,119.44322835177103,22.727199989496725,27.146651233379217,26.685118271503665
SEK,167.86098776471906,136.56121678824422,118.4761434643588,23.826118695757565,25.45641243666694,25.527351541177357
MEL,160.31630604395917,134.49607250307264,120.64450169916827,31.33959870877699,30.341585175539567,28.203892073184054
